{
  "lib": "ngss",
  "avg": 0.8999999523162842,
  "min": 0.5,
  "max": 1.4000000953674316,
  "sd": 0.3286335693263712,
  "avgLong": 0,
  "results": [
    1.4000000953674316,
    0.8999998569488525,
    1.0999999046325684,
    0.5,
    0.5999999046325684
  ]
}