{
  "lib": "elf",
  "avg": 8314.079999971389,
  "min": 8293.099999904633,
  "max": 8368,
  "sd": 29.04179059861465,
  "avgLong": 0.2,
  "results": [
    8293.099999904633,
    8368,
    8294.099999904633,
    8293.700000047684,
    8321.5
  ]
}