{
  "lib": "ngss",
  "avg": 8299.55999994278,
  "min": 8290.899999856949,
  "max": 8308,
  "sd": 5.984513390883614,
  "avgLong": 0,
  "results": [
    8295.099999904633,
    8302.899999856949,
    8290.899999856949,
    8308,
    8300.900000095367
  ]
}