{
  "lib": "ngrx",
  "avg": 0.9199999332427978,
  "min": 0.5999999046325684,
  "max": 1.6999998092651367,
  "sd": 0.3969886057297232,
  "avgLong": 0,
  "results": [
    0.7999999523162842,
    0.7000000476837158,
    0.5999999046325684,
    0.7999999523162842,
    1.6999998092651367
  ]
}