{
  "lib": "angular",
  "avg": 8295.439999961853,
  "min": 8287.900000095367,
  "max": 8304.399999856949,
  "sd": 6.215014013242385,
  "avgLong": 0,
  "results": [
    8289.899999856949,
    8294.600000143051,
    8287.900000095367,
    8304.399999856949,
    8300.399999856949
  ]
}