{
  "lib": "ngxs",
  "avg": 1.640000057220459,
  "min": 0.8000001907348633,
  "max": 2.700000047683716,
  "sd": 0.6216107656113726,
  "avgLong": 0,
  "results": [
    1.5,
    1.7999999523162842,
    1.4000000953674316,
    0.8000001907348633,
    2.700000047683716
  ]
}