{
  "results": {
    "ngrx": {
      "lib": "ngrx",
      "avg": 9953.999999952317,
      "min": 8299.599999904633,
      "max": 16557.5,
      "sd": 3301.7508579778437,
      "avgLong": 0.2,
      "results": [
        8307.099999904633,
        16557.5,
        8299.599999904633,
        8302.900000095367,
        8302.899999856949
      ]
    },
    "ngss": {
      "lib": "ngss",
      "avg": 8299.55999994278,
      "min": 8290.899999856949,
      "max": 8308,
      "sd": 5.984513390883614,
      "avgLong": 0,
      "results": [
        8295.099999904633,
        8302.899999856949,
        8290.899999856949,
        8308,
        8300.900000095367
      ]
    },
    "elf": {
      "lib": "elf",
      "avg": 8314.079999971389,
      "min": 8293.099999904633,
      "max": 8368,
      "sd": 29.04179059861465,
      "avgLong": 0.2,
      "results": [
        8293.099999904633,
        8368,
        8294.099999904633,
        8293.700000047684,
        8321.5
      ]
    },
    "ngxs": {
      "lib": "ngxs",
      "avg": 8301.419999980926,
      "min": 8297,
      "max": 8307,
      "sd": 3.240617234105781,
      "avgLong": 0,
      "results": [
        8297,
        8301.700000047684,
        8300.099999904633,
        8301.299999952316,
        8307
      ]
    },
    "akita": {
      "lib": "akita",
      "avg": 8377.980000019073,
      "min": 8288.799999952316,
      "max": 8690.600000143051,
      "sd": 156.41726765185246,
      "avgLong": 0,
      "results": [
        8690.600000143051,
        8305.400000095367,
        8302.899999856949,
        8302.200000047684,
        8288.799999952316
      ]
    },
    "angular": {
      "lib": "angular",
      "avg": 8295.439999961853,
      "min": 8287.900000095367,
      "max": 8304.399999856949,
      "sd": 6.215014013242385,
      "avgLong": 0,
      "results": [
        8289.899999856949,
        8294.600000143051,
        8287.900000095367,
        8304.399999856949,
        8300.399999856949
      ]
    }
  },
  "fastest": "angular",
  "ratio": "1.20",
  "percent": "16.7"
}