{
  "results": {
    "ngrx": {
      "lib": "ngrx",
      "avg": 0.9199999332427978,
      "min": 0.5999999046325684,
      "max": 1.6999998092651367,
      "sd": 0.3969886057297232,
      "avgLong": 0,
      "results": [
        0.7999999523162842,
        0.7000000476837158,
        0.5999999046325684,
        0.7999999523162842,
        1.6999998092651367
      ]
    },
    "ngss": {
      "lib": "ngss",
      "avg": 0.8999999523162842,
      "min": 0.5,
      "max": 1.4000000953674316,
      "sd": 0.3286335693263712,
      "avgLong": 0,
      "results": [
        1.4000000953674316,
        0.8999998569488525,
        1.0999999046325684,
        0.5,
        0.5999999046325684
      ]
    },
    "elf": {
      "lib": "elf",
      "avg": 1.4600000381469727,
      "min": 0.7000000476837158,
      "max": 2.700000047683716,
      "sd": 0.6711184830643183,
      "avgLong": 0,
      "results": [
        1.4000000953674316,
        1.0999999046325684,
        2.700000047683716,
        0.7000000476837158,
        1.4000000953674316
      ]
    },
    "ngxs": {
      "lib": "ngxs",
      "avg": 1.640000057220459,
      "min": 0.8000001907348633,
      "max": 2.700000047683716,
      "sd": 0.6216107656113726,
      "avgLong": 0,
      "results": [
        1.5,
        1.7999999523162842,
        1.4000000953674316,
        0.8000001907348633,
        2.700000047683716
      ]
    },
    "akita": {
      "lib": "akita",
      "avg": 1.540000057220459,
      "min": 0.6000001430511475,
      "max": 2.9000000953674316,
      "sd": 0.7889233091961307,
      "avgLong": 0,
      "results": [
        2.9000000953674316,
        1,
        0.6000001430511475,
        1.4000000953674316,
        1.7999999523162842
      ]
    }
  },
  "fastest": "ngss",
  "ratio": "1.82",
  "percent": "45.1"
}