{
  "lib": "akita",
  "avg": 8470.659999990463,
  "min": 8300.299999952316,
  "max": 8585.600000143051,
  "sd": 132.28458118234437,
  "avgLong": 0,
  "results": [
    8300.299999952316,
    8585.600000143051,
    8575.099999904633,
    8317.399999856949,
    8574.900000095367
  ]
}