{
  "lib": "ngss",
  "avg": 8474.6,
  "min": 8306.700000047684,
  "max": 8598.299999952316,
  "sd": 131.49623572172555,
  "avgLong": 0,
  "results": [
    8306.700000047684,
    8598.299999952316,
    8571,
    8321.399999856949,
    8575.600000143051
  ]
}