{
  "lib": "angular",
  "avg": 8483.759999990463,
  "min": 8306.799999952316,
  "max": 8601.799999952316,
  "sd": 140.10228548377495,
  "avgLong": 0,
  "results": [
    8306.799999952316,
    8598.599999904633,
    8593.900000095367,
    8317.700000047684,
    8601.799999952316
  ]
}