{
  "lib": "ngrx",
  "avg": 9953.999999952317,
  "min": 8299.599999904633,
  "max": 16557.5,
  "sd": 3301.7508579778437,
  "avgLong": 0.2,
  "results": [
    8307.099999904633,
    16557.5,
    8299.599999904633,
    8302.900000095367,
    8302.899999856949
  ]
}