{
  "lib": "ngxs",
  "avg": 8301.419999980926,
  "min": 8297,
  "max": 8307,
  "sd": 3.240617234105781,
  "avgLong": 0,
  "results": [
    8297,
    8301.700000047684,
    8300.099999904633,
    8301.299999952316,
    8307
  ]
}