{
  "lib": "akita",
  "avg": 1.540000057220459,
  "min": 0.6000001430511475,
  "max": 2.9000000953674316,
  "sd": 0.7889233091961307,
  "avgLong": 0,
  "results": [
    2.9000000953674316,
    1,
    0.6000001430511475,
    1.4000000953674316,
    1.7999999523162842
  ]
}