{
  "lib": "akita",
  "avg": 8377.980000019073,
  "min": 8288.799999952316,
  "max": 8690.600000143051,
  "sd": 156.41726765185246,
  "avgLong": 0,
  "results": [
    8690.600000143051,
    8305.400000095367,
    8302.899999856949,
    8302.200000047684,
    8288.799999952316
  ]
}