{
  "lib": "elf",
  "avg": 8629.46000008583,
  "min": 8320.700000047684,
  "max": 9052.800000190735,
  "sd": 236.34941595576632,
  "avgLong": 0,
  "results": [
    9052.800000190735,
    8589.600000143051,
    8605.799999952316,
    8320.700000047684,
    8578.400000095367
  ]
}