{
  "lib": "elf",
  "avg": 1.4600000381469727,
  "min": 0.7000000476837158,
  "max": 2.700000047683716,
  "sd": 0.6711184830643183,
  "avgLong": 0,
  "results": [
    1.4000000953674316,
    1.0999999046325684,
    2.700000047683716,
    0.7000000476837158,
    1.4000000953674316
  ]
}