{
  "results": {
    "ngrx": {
      "lib": "ngrx",
      "avg": 8471.5,
      "min": 8301.700000047684,
      "max": 8584.599999904633,
      "sd": 133.73695070663248,
      "avgLong": 0,
      "results": [
        8301.700000047684,
        8580.099999904633,
        8577.200000047684,
        8313.900000095367,
        8584.599999904633
      ]
    },
    "ngss": {
      "lib": "ngss",
      "avg": 8474.6,
      "min": 8306.700000047684,
      "max": 8598.299999952316,
      "sd": 131.49623572172555,
      "avgLong": 0,
      "results": [
        8306.700000047684,
        8598.299999952316,
        8571,
        8321.399999856949,
        8575.600000143051
      ]
    },
    "elf": {
      "lib": "elf",
      "avg": 8629.46000008583,
      "min": 8320.700000047684,
      "max": 9052.800000190735,
      "sd": 236.34941595576632,
      "avgLong": 0,
      "results": [
        9052.800000190735,
        8589.600000143051,
        8605.799999952316,
        8320.700000047684,
        8578.400000095367
      ]
    },
    "ngxs": {
      "lib": "ngxs",
      "avg": 8625.420000076294,
      "min": 8322,
      "max": 9035.400000095367,
      "sd": 229.90410525186033,
      "avgLong": 0,
      "results": [
        9035.400000095367,
        8574.900000095367,
        8595.200000047684,
        8322,
        8599.600000143051
      ]
    },
    "akita": {
      "lib": "akita",
      "avg": 8470.659999990463,
      "min": 8300.299999952316,
      "max": 8585.600000143051,
      "sd": 132.28458118234437,
      "avgLong": 0,
      "results": [
        8300.299999952316,
        8585.600000143051,
        8575.099999904633,
        8317.399999856949,
        8574.900000095367
      ]
    },
    "angular": {
      "lib": "angular",
      "avg": 8483.759999990463,
      "min": 8306.799999952316,
      "max": 8601.799999952316,
      "sd": 140.10228548377495,
      "avgLong": 0,
      "results": [
        8306.799999952316,
        8598.599999904633,
        8593.900000095367,
        8317.700000047684,
        8601.799999952316
      ]
    }
  },
  "fastest": "akita",
  "ratio": "1.02",
  "percent": "1.8"
}