{
  "lib": "ngxs",
  "avg": 8625.420000076294,
  "min": 8322,
  "max": 9035.400000095367,
  "sd": 229.90410525186033,
  "avgLong": 0,
  "results": [
    9035.400000095367,
    8574.900000095367,
    8595.200000047684,
    8322,
    8599.600000143051
  ]
}