{
  "lib": "ngrx",
  "avg": 8471.5,
  "min": 8301.700000047684,
  "max": 8584.599999904633,
  "sd": 133.73695070663248,
  "avgLong": 0,
  "results": [
    8301.700000047684,
    8580.099999904633,
    8577.200000047684,
    8313.900000095367,
    8584.599999904633
  ]
}